[
    {
        "descripcion": "Le gusta comer mango",
        "genero": "Bocón de Mamonal",
        "id": 1,
        "telefono": "3182560314",
        "nombre": "Jesús Mejía",
        "email": "jesus1407@gmail.com"
    },
    {
        "descripcion": "Pájaro cantautor volador",
        "genero": "Volador",
        "id": 2,
        "telefono": "3122006089",
        "nombre": "Pájaro Macua",
        "email": "miguel@"
    },
    {
        "descripcion": "le gusta bailar la zamba con una negrita del páramo naguá",
        "genero": "frete desnivel",
        "id": 3,
        "telefono": "3026082504",
        "nombre": "Samuel Avilez",
        "email": "samuel@"
    }
]