[
    {
        "apellidos": "holi",
        "contrasena": "1234",
        "nombres": "admin"
    },
    {
        "apellidos": "Avilez Meza",
        "contrasena": "12345",
        "nombres": "SAMSH"
    },
    {
        "apellidos": "Sierra Gutierrez",
        "contrasena": "12345",
        "nombres": "Edinson Alejadro"
    },
    {
        "apellidos": "Sierra",
        "contrasena": "12345",
        "nombres": "Edinson "
    },
    {
        "apellidos": "meza",
        "contrasena": "12345",
        "nombres": "shero"
    },
    {
        "apellidos": "Sierra",
        "contrasena": "123",
        "nombres": "Edinson"
    },
    {
        "apellidos": "Ochoa teran",
        "contrasena": "0987",
        "nombres": "Joel david"
    }
]